lr-Adam,step,train/loss,epoch,val/loss,val/CER,val/IER,val/DER,val/SER,train/CER,train/IER,train/DER,train/SER,test/loss,test/CER,test/IER,test/DER,test/SER
1e-08,0,,,,,,,,,,,,,,,,
,49,109.98300170898438,0,,,,,,,,,,,,,,
,99,168.57595825195312,0,,,,,,,,,,,,,,
,119,,0,101.53600311279297,1358.0859375,0.0,1294.218017578125,63.86796569824219,,,,,,,,,
,119,,0,,,,,,1716.7958984375,0.0,1654.0721435546875,62.72374725341797,,,,,
0.00011112,120,,,,,,,,,,,,,,,,
,149,6.80202579498291,1,,,,,,,,,,,,,,
,199,3.7468185424804688,1,,,,,,,,,,,,,,
,239,,1,3.3549487590789795,100.0,100.0,0.0,0.0,,,,,,,,,
,239,,1,,,,,,113.80489349365234,96.28001403808594,14.834467887878418,2.6904098987579346,,,,,
0.00022223000000000002,240,,,,,,,,,,,,,,,,
,249,3.38753080368042,2,,,,,,,,,,,,,,
,299,3.2446513175964355,2,,,,,,,,,,,,,,
,349,3.193204879760742,2,,,,,,,,,,,,,,
,359,,2,3.2201454639434814,100.0,100.0,0.0,0.0,,,,,,,,,
,359,,2,,,,,,100.0,100.0,0.0,0.0,,,,,
0.00033334,360,,,,,,,,,,,,,,,,
,399,3.592841863632202,3,,,,,,,,,,,,,,
,449,3.3104329109191895,3,,,,,,,,,,,,,,
,479,,3,3.100430727005005,100.0,100.0,0.0,0.0,,,,,,,,,
,479,,3,,,,,,100.0,100.0,0.0,0.0,,,,,
0.00044445,480,,,,,,,,,,,,,,,,
,499,3.289433240890503,4,,,,,,,,,,,,,,
,549,3.067002296447754,4,,,,,,,,,,,,,,
,599,3.0757837295532227,4,,,,,,,,,,,,,,
,599,,4,3.0564403533935547,100.0,100.0,0.0,0.0,,,,,,,,,
,599,,4,,,,,,100.0,100.0,0.0,0.0,,,,,
0.00055556,600,,,,,,,,,,,,,,,,
,649,3.121997356414795,5,,,,,,,,,,,,,,
,699,2.9757256507873535,5,,,,,,,,,,,,,,
,719,,5,2.9742352962493896,100.0,100.0,0.0,0.0,,,,,,,,,
,719,,5,,,,,,100.0,100.0,0.0,0.0,,,,,
0.00066667,720,,,,,,,,,,,,,,,,
,749,3.131978750228882,6,,,,,,,,,,,,,,
,799,2.9415371417999268,6,,,,,,,,,,,,,,
,839,,6,2.9334769248962402,100.0,100.0,0.0,0.0,,,,,,,,,
,839,,6,,,,,,99.99176788330078,99.99176788330078,0.0,0.0,,,,,
0.0007777799999999999,840,,,,,,,,,,,,,,,,
,849,2.9702987670898438,7,,,,,,,,,,,,,,
,899,3.0536956787109375,7,,,,,,,,,,,,,,
,949,2.8737125396728516,7,,,,,,,,,,,,,,
,959,,7,2.8708813190460205,100.0,100.0,0.0,0.0,,,,,,,,,
,959,,7,,,,,,99.9889907836914,99.9889907836914,0.0,0.0,,,,,
0.0008888899999999999,960,,,,,,,,,,,,,,,,
,999,2.959398031234741,8,,,,,,,,,,,,,,
,1049,2.8767428398132324,8,,,,,,,,,,,,,,
,1079,,8,2.881411552429199,100.0,100.0,0.0,0.0,,,,,,,,,
,1079,,8,,,,,,99.98622131347656,99.98484802246094,0.0,0.0013775622937828302,,,,,
0.001,1080,,,,,,,,,,,,,,,,
,1099,2.924131393432617,9,,,,,,,,,,,,,,
,1149,2.826859712600708,9,,,,,,,,,,,,,,
,1199,2.890470504760742,9,,,,,,,,,,,,,,
,1199,,9,2.6555368900299072,100.0,100.0,0.0,0.0,,,,,,,,,
,1199,,9,,,,,,99.9876480102539,99.9876480102539,0.0,0.0,,,,,
0.001,1200,,,,,,,,,,,,,,,,
,1249,2.727278709411621,10,,,,,,,,,,,,,,
,1299,2.5779409408569336,10,,,,,,,,,,,,,,
,1319,,10,2.402470350265503,98.18342590332031,98.09481811523438,0.0,0.08861320465803146,,,,,,,,,
,1319,,10,,,,,,99.50566101074219,99.47544860839844,0.0,0.030209820717573166,,,,,
0.000999874243353782,1320,,,,,,,,,,,,,,,,
,1349,2.7959203720092773,11,,,,,,,,,,,,,,
,1399,2.4964303970336914,11,,,,,,,,,,,,,,
,1439,,11,2.3868727684020996,95.36995697021484,95.19273376464844,0.0,0.17722640931606293,,,,,,,,,
,1439,,11,,,,,,96.83876037597656,96.67230987548828,0.0,0.16645343601703644,,,,,
0.0009994970367373866,1440,,,,,,,,,,,,,,,,
,1449,2.5438241958618164,12,,,,,,,,,,,,,,
,1499,2.900272846221924,12,,,,,,,,,,,,,,
,1549,3.5761356353759766,12,,,,,,,,,,,,,,
,1559,,12,3.279670238494873,100.0,100.0,0.0,0.0,,,,,,,,,
,1559,,12,,,,,,97.05561828613281,96.89985656738281,0.0,0.1557653844356537,,,,,
0.0009988685700857047,1560,,,,,,,,,,,,,,,,
,1599,3.4431028366088867,13,,,,,,,,,,,,,,
,1649,3.3194591999053955,13,,,,,,,,,,,,,,
,1679,,13,3.1924705505371094,99.71200561523438,99.68985748291016,0.0,0.022153301164507866,,,,,,,,,
,1679,,13,,,,,,99.98345184326172,99.98345184326172,0.0,0.0,,,,,
0.0009979891598506218,1680,,,,,,,,,,,,,,,,
,1699,3.189088821411133,14,,,,,,,,,,,,,,
,1749,3.172577381134033,14,,,,,,,,,,,,,,
,1799,3.085298776626587,14,,,,,,,,,,,,,,
,1799,,14,2.9599180221557617,99.84492492675781,99.8227767944336,0.0,0.022153301164507866,,,,,,,,,
,1799,,14,,,,,,99.51383972167969,99.45186614990234,0.0,0.06197493523359299,,,,,
0.0009968592488416746,1800,,,,,,,,,,,,,,,,
,1849,2.8133153915405273,15,,,,,,,,,,,,,,
,1899,2.7057409286499023,15,,,,,,,,,,,,,,
,1919,,15,2.530334711074829,97.62960052490234,97.54098510742188,0.0,0.08861320465803146,,,,,,,,,
,1919,,15,,,,,,98.90696716308594,98.86842346191406,0.0,0.03854519501328468,,,,,
0.0009954794060030834,1920,,,,,,,,,,,,,,,,
,1949,2.6237292289733887,16,,,,,,,,,,,,,,
,1999,2.442345380783081,16,,,,,,,,,,,,,,
,2039,,16,2.3704769611358643,95.54718780517578,95.36995697021484,0.0,0.17722640931606293,,,,,,,,,
,2039,,16,,,,,,96.47086334228516,96.30818939208984,0.001378568820655346,0.16129255294799805,,,,,
0.0009938503261272714,2040,,,,,,,,,,,,,,,,
,2049,2.311187505722046,17,,,,,,,,,,,,,,
,2099,2.2904772758483887,17,,,,,,,,,,,,,,
,2149,2.239980697631836,17,,,,,,,,,,,,,,
,2159,,17,2.121217966079712,84.04962158203125,82.7425765991211,0.0,1.3070447444915771,,,,,,,,,
,2159,,17,,,,,,88.2059097290039,87.44424438476562,0.0013723633019253612,0.7602893114089966,,,,,
0.0009919728295050155,2160,,,,,,,,,,,,,,,,
,2199,2.060673952102661,18,,,,,,,,,,,,,,
,2249,2.0170390605926514,18,,,,,,,,,,,,,,
,2279,,18,1.9958171844482422,82.52104187011719,80.7930908203125,0.0,1.7279574871063232,,,,,,,,,
,2279,,18,,,,,,81.70306396484375,79.00837707519531,0.005493750795722008,2.6891911029815674,,,,,
0.0009898478615124062,2280,,,,,,,,,,,,,,,,
,2299,2.135532855987549,19,,,,,,,,,,,,,,
,2349,1.9311389923095703,19,,,,,,,,,,,,,,
,2399,2.0261943340301514,19,,,,,,,,,,,,,,
,2399,,19,1.7470722198486328,68.80815124511719,63.02614212036133,0.04430660232901573,5.737704753875732,,,,,,,,,
,2399,,19,,,,,,76.42047882080078,71.48853302001953,0.012384923174977303,4.919566631317139,,,,,
0.000987476492134821,2400,,,,,,,,,,,,,,,,
,2449,2.138113498687744,20,,,,,,,,,,,,,,
,2499,1.8860806226730347,20,,,,,,,,,,,,,,
,2519,,20,1.6799046993255615,69.4284439086914,63.73504638671875,0.06645990163087845,5.626938343048096,,,,,,,,,
,2519,,20,,,,,,70.16812133789062,62.95195770263672,0.044026196002960205,7.172142505645752,,,,,
0.0009848599154281552,2520,,,,,,,,,,,,,,,,
,2549,1.7769379615783691,21,,,,,,,,,,,,,,
,2599,1.9845104217529297,21,,,,,,,,,,,,,,
,2639,,21,1.8062348365783691,68.76384735107422,61.85201644897461,0.0,6.911829948425293,,,,,,,,,
,2639,,21,,,,,,62.12025451660156,50.14008712768555,0.16343459486961365,11.816733360290527,,,,,
0.0009819994489175788,2640,,,,,,,,,,,,,,,,
,2649,1.9091686010360718,22,,,,,,,,,,,,,,
,2699,1.6096162796020508,22,,,,,,,,,,,,,,
,2749,1.7247314453125,22,,,,,,,,,,,,,,
,2759,,22,1.4476121664047241,46.32255172729492,26.716880798339844,0.7975188493728638,18.80815315246582,,,,,,,,,
,2759,,22,,,,,,53.93675994873047,36.57704162597656,0.4953628480434418,16.86435317993164,,,,,
0.0009788965329341228,2760,,,,,,,,,,,,,,,,
,2799,1.633790373802185,23,,,,,,,,,,,,,,
,2849,1.4926289319992065,23,,,,,,,,,,,,,,
,2879,,23,1.2920658588409424,41.8697395324707,23.083740234375,0.7753655314445496,18.01063346862793,,,,,,,,,
,2879,,23,,,,,,49.09193420410156,29.963401794433594,0.6796730756759644,18.44886016845703,,,,,
0.0009755527298894293,2880,,,,,,,,,,,,,,,,
,2899,1.4561841487884521,24,,,,,,,,,,,,,,
,2949,1.3412339687347412,24,,,,,,,,,,,,,,
,2999,1.4049586057662964,24,,,,,,,,,,,,,,
,2999,,24,1.2683674097061157,40.00886154174805,19.915817260742188,1.0855116844177246,19.007532119750977,,,,,,,,,
,2999,,24,,,,,,44.657081604003906,24.424571990966797,0.9039003849029541,19.328609466552734,,,,,
0.0009719697234890296,3000,,,,,,,,,,,,,,,,
,3049,1.3674908876419067,25,,,,,,,,,,,,,,
,3099,1.2901365756988525,25,,,,,,,,,,,,,,
,3119,,25,1.2107536792755127,37.50553894042969,17.94417381286621,1.373504638671875,18.1878604888916,,,,,,,,,
,3119,,25,,,,,,41.86788558959961,21.791980743408203,1.0381717681884766,19.037731170654297,,,,,
0.0009681493178845487,3120,,,,,,,,,,,,,,,,
,3149,1.3198893070220947,26,,,,,,,,,,,,,,
,3199,1.2475345134735107,26,,,,,,,,,,,,,,
,3239,,26,1.1437971591949463,35.84403991699219,16.79220199584961,1.2405848503112793,17.811254501342773,,,,,,,,,
,3239,,26,,,,,,40.18879318237305,19.841203689575195,1.1875275373458862,19.16006088256836,,,,,
0.0009640934367652599,3240,,,,,,,,,,,,,,,,
,3249,1.5132101774215698,27,,,,,,,,,,,,,,
,3299,1.4526687860488892,27,,,,,,,,,,,,,,
,3349,1.2782635688781738,27,,,,,,,,,,,,,,
,3359,,27,1.1149632930755615,35.09082794189453,14.488258361816406,1.3956578969955444,19.206911087036133,,,,,,,,,
,3359,,27,,,,,,38.97166442871094,18.660154342651367,1.3644014596939087,18.947107315063477,,,,,
0.0009598041223894496,3360,,,,,,,,,,,,,,,,
,3399,1.1294498443603516,28,,,,,,,,,,,,,,
,3449,1.1846256256103516,28,,,,,,,,,,,,,,
,3479,,28,1.0553086996078491,33.540096282958984,15.241471290588379,1.2184315919876099,17.0801944732666,,,,,,,,,
,3479,,28,,,,,,36.465206146240234,16.585586547851562,1.4621812105178833,18.417436599731445,,,,,
0.0009552835345560785,3480,,,,,,,,,,,,,,,,
,3499,1.2346320152282715,29,,,,,,,,,,,,,,
,3549,1.231640100479126,29,,,,,,,,,,,,,,
,3599,1.1925721168518066,29,,,,,,,,,,,,,,
,3599,,29,1.013931155204773,30.571556091308594,11.763402938842773,1.5728843212127686,17.235267639160156,,,,,,,,,
,3599,,29,,,,,,35.18256759643555,15.243810653686523,1.4349862337112427,18.503768920898438,,,,,
0.0009505339495172582,3600,,,,,,,,,,,,,,,,
,3649,1.1972064971923828,30,,,,,,,,,,,,,,
,3699,1.2682993412017822,30,,,,,,,,,,,,,,
,3719,,30,1.0508899688720703,31.8121395111084,10.456357955932617,1.7279574871063232,19.627824783325195,,,,,,,,,
,3719,,30,,,,,,33.31173324584961,14.07221508026123,1.6489046812057495,17.590614318847656,,,,,
0.0009455577588320895,3720,,,,,,,,,,,,,,,,
,3749,1.212138295173645,31,,,,,,,,,,,,,,
,3799,1.2798941135406494,31,,,,,,,,,,,,,,
,3839,,31,0.978762149810791,30.638015747070312,13.690739631652832,1.0855116844177246,15.861763000488281,,,,,,,,,
,3839,,31,,,,,,32.4002799987793,13.462039947509766,1.6012842655181885,17.336956024169922,,,,,
0.0009403574681624404,3840,,,,,,,,,,,,,,,,
,3849,1.1090813875198364,32,,,,,,,,,,,,,,
,3899,0.9508503079414368,32,,,,,,,,,,,,,,
,3949,1.1735517978668213,32,,,,,,,,,,,,,,
,3959,,32,0.9618796110153198,29.020824432373047,10.256978034973145,1.7722641229629517,16.991580963134766,,,,,,,,,
,3959,,32,,,,,,31.45838737487793,12.715348243713379,1.6512904167175293,17.09174919128418,,,,,
0.0009349356960112697,3960,,,,,,,,,,,,,,,,
,3999,0.9952019453048706,33,,,,,,,,,,,,,,
,4049,1.1166691780090332,33,,,,,,,,,,,,,,
,4079,,33,0.9634612202644348,30.28356170654297,12.007088661193848,1.4399645328521729,16.83650779724121,,,,,,,,,
,4079,,33,,,,,,30.29066276550293,11.863658905029297,1.6959903240203857,16.73101234436035,,,,,
0.0009292951724041319,4080,,,,,,,,,,,,,,,,
,4099,0.9467489123344421,34,,,,,,,,,,,,,,
,4149,1.20011305809021,34,,,,,,,,,,,,,,
,4199,1.044933557510376,34,,,,,,,,,,,,,,
,4199,,34,0.9187067747116089,28.599910736083984,12.18431568145752,1.129818320274353,15.285778045654297,,,,,,,,,
,4199,,34,,,,,,29.430675506591797,11.308182716369629,1.7612793445587158,16.36121368408203,,,,,
0.0009234387375145277,4200,,,,,,,,,,,,,,,,
,4249,0.9715775847434998,35,,,,,,,,,,,,,,
,4299,0.8208272457122803,35,,,,,,,,,,,,,,
,4319,,35,0.9297274947166443,28.156845092773438,9.304386138916016,1.8165706396102905,17.035888671875,,,,,,,,,
,4319,,35,,,,,,28.429332733154297,10.953752517700195,1.7785553932189941,15.697025299072266,,,,,
0.0009173693402337905,4320,,,,,,,,,,,,,,,,
,4349,0.880637526512146,36,,,,,,,,,,,,,,
,4399,0.9520974159240723,36,,,,,,,,,,,,,,
,4439,,36,0.9181889295578003,28.223304748535156,10.633584022521973,1.151971697807312,16.4377498626709,,,,,,,,,
,4439,,36,,,,,,27.566530227661133,10.407052040100098,1.8418216705322266,15.317655563354492,,,,,
0.0009110900366862309,4440,,,,,,,,,,,,,,,,
,4449,0.9098118543624878,37,,,,,,,,,,,,,,
,4499,0.9727802276611328,37,,,,,,,,,,,,,,
,4549,0.8020339012145996,37,,,,,,,,,,,,,,
,4559,,37,0.9124757051467896,27.027027130126953,8.329641342163086,1.7722641229629517,16.925121307373047,,,,,,,,,
,4559,,37,,,,,,26.891359329223633,9.991021156311035,1.7515021562576294,15.148836135864258,,,,,
0.000904603988690286,4560,,,,,,,,,,,,,,,,
,4599,0.867811918258667,38,,,,,,,,,,,,,,
,4649,0.9630492925643921,38,,,,,,,,,,,,,,
,4679,,38,1.0381741523742676,32.454586029052734,14.709792137145996,1.1741249561309814,16.570669174194336,,,,,,,,,
,4679,,38,,,,,,26.05685043334961,9.65969181060791,1.8176323175430298,14.579526901245117,,,,,
0.0008979144621664494,4680,,,,,,,,,,,,,,,,
,4699,1.023362636566162,39,,,,,,,,,,,,,,
,4749,0.8773703575134277,39,,,,,,,,,,,,,,
,4799,0.9713131189346313,39,,,,,,,,,,,,,,
,4799,,39,0.8818480968475342,26.761186599731445,8.79486083984375,1.617190957069397,16.349136352539062,,,,,,,,,
,4799,,39,,,,,,25.47954559326172,9.113784790039062,1.834307312965393,14.531454086303711,,,,,
0.0008910248254927808,4800,,,,,,,,,,,,,,,,
,4849,0.8426070213317871,40,,,,,,,,,,,,,,
,4899,0.7168558835983276,40,,,,,,,,,,,,,,
,4919,,40,0.8680274486541748,25.69782829284668,8.108108520507812,1.6836508512496948,15.9060697555542,,,,,,,,,
,4919,,40,,,,,,24.54338264465332,8.768436431884766,1.8525639772415161,13.922381401062012,,,,,
0.0008839385478088264,4920,,,,,,,,,,,,,,,,
,4949,0.6851382851600647,41,,,,,,,,,,,,,,
,4999,0.770004391670227,41,,,,,,,,,,,,,,
,5039,,41,0.8471320271492004,24.590164184570312,6.778910160064697,2.0602569580078125,15.750996589660645,,,,,,,,,
,5039,,41,,,,,,23.483596801757812,8.259026527404785,1.8095002174377441,13.415070533752441,,,,,
0.0008766591972688036,5040,,,,,,,,,,,,,,,,
,5049,0.8092982769012451,42,,,,,,,,,,,,,,
,5099,0.6964484453201294,42,,,,,,,,,,,,,,
,5149,0.9538354873657227,42,,,,,,,,,,,,,,
,5159,,42,0.8517866134643555,24.878156661987305,6.313690662384033,1.7722641229629517,16.79220199584961,,,,,,,,,
,5159,,42,,,,,,23.11130714416504,8.3758544921875,1.7838231325149536,12.951628684997559,,,,,
0.0008691904392449266,5160,,,,,,,,,,,,,,,,
,5199,0.8020249605178833,43,,,,,,,,,,,,,,
,5249,0.7557728290557861,43,,,,,,,,,,,,,,
,5279,,43,0.8556840419769287,24.12494468688965,5.649091720581055,2.303943395614624,16.17190933227539,,,,,,,,,
,5279,,43,,,,,,21.791339874267578,7.72694730758667,1.7998788356781006,12.264514923095703,,,,,
0.000861536034481782,5280,,,,,,,,,,,,,,,,
,5299,0.6358134150505066,44,,,,,,,,,,,,,,
,5349,0.7210184931755066,44,,,,,,,,,,,,,,
,5399,0.8093802332878113,44,,,,,,,,,,,,,,
,5399,,44,0.8322151899337769,25.099689483642578,8.81701374053955,1.3070447444915771,14.975631713867188,,,,,,,,,
,5399,,44,,,,,,21.742778778076172,7.760660171508789,1.8266849517822266,12.155433654785156,,,,,
0.0008536998372026804,5400,,,,,,,,,,,,,,,,
,5449,0.7262297868728638,45,,,,,,,,,,,,,,
,5499,0.743434488773346,45,,,,,,,,,,,,,,
,5519,,45,0.8570461869239807,23.770492553710938,6.956136226654053,1.8165706396102905,14.997784614562988,,,,,,,,,
,5519,,45,,,,,,20.840782165527344,7.45620059967041,1.7836023569107056,11.60097885131836,,,,,
0.0008456857931689388,5520,,,,,,,,,,,,,,,,
,5549,0.7984910607337952,46,,,,,,,,,,,,,,
,5599,0.7778971791267395,46,,,,,,,,,,,,,,
,5639,,46,0.8689248561859131,24.12494468688965,5.937084674835205,2.0602569580078125,16.12760353088379,,,,,,,,,
,5639,,46,,,,,,20.191102981567383,7.214550495147705,1.8311740159988403,11.145379066467285,,,,,
0.000837497937693071,5640,,,,,,,,,,,,,,,,
,5649,0.8451660871505737,47,,,,,,,,,,,,,,
,5699,0.7718601226806641,47,,,,,,,,,,,,,,
,5749,0.6254421472549438,47,,,,,,,,,,,,,,
,5759,,47,0.8405019044876099,23.99202537536621,7.133362770080566,2.0824103355407715,14.776251792907715,,,,,,,,,
,5759,,47,,,,,,19.898521423339844,7.34061336517334,1.7910324335098267,10.766876220703125,,,,,
0.0008291403936068863,5760,,,,,,,,,,,,,,,,
,5799,0.6498626470565796,48,,,,,,,,,,,,,,
,5849,0.5787208676338196,48,,,,,,,,,,,,,,
,5879,,48,0.8288698196411133,23.19450569152832,6.357997417449951,1.7279574871063232,15.108551025390625,,,,,,,,,
,5879,,48,,,,,,19.271156311035156,6.87970495223999,1.78908109664917,10.602370262145996,,,,,
0.0008206173691855193,5880,,,,,,,,,,,,,,,,
,5899,0.5364767909049988,49,,,,,,,,,,,,,,
,5949,0.6266841888427734,49,,,,,,,,,,,,,,
,5999,0.7145485877990723,49,,,,,,,,,,,,,,
,5999,,49,0.8745907545089722,23.105892181396484,4.297740459442139,2.9685423374176025,15.83961009979248,,,,,,,,,
,5999,,49,,,,,,18.384069442749023,6.517800807952881,1.822623610496521,10.043643951416016,,,,,
0.0008119331560284373,6000,,,,,,,,,,,,,,,,
,6049,0.8424422740936279,50,,,,,,,,,,,,,,
,6099,0.6431137919425964,50,,,,,,,,,,,,,,
,6119,,50,0.8860859870910645,24.523704528808594,6.601683616638184,2.171023368835449,15.750996589660645,,,,,,,,,
,6119,,50,,,,,,19.378931045532227,6.853407382965088,1.8610132932662964,10.664510726928711,,,,,
0.0008030921268984896,6120,,,,,,,,,,,,,,,,
,6149,0.609142541885376,51,,,,,,,,,,,,,,
,6199,0.5739767551422119,51,,,,,,,,,,,,,,
,6239,,51,0.8250654935836792,22.88435935974121,6.047851085662842,1.9273371696472168,14.909171104431152,,,,,,,,,
,6239,,51,,,,,,17.553834915161133,6.396945953369141,1.8553614616394043,9.30152702331543,,,,,
0.0007940987335200902,6240,,,,,,,,,,,,,,,,
,6249,0.6089453101158142,52,,,,,,,,,,,,,,
,6299,0.6290255784988403,52,,,,,,,,,,,,,,
,6349,0.47827446460723877,52,,,,,,,,,,,,,,
,6359,,52,0.8695823550224304,23.74833869934082,6.047851085662842,2.193176746368408,15.50731086730957,,,,,,,,,
,6359,,52,,,,,,17.031354904174805,6.075544834136963,1.8039356470108032,9.151874542236328,,,,,
0.0007849575043376416,6360,,,,,,,,,,,,,,,,
,6399,0.5233482122421265,53,,,,,,,,,,,,,,
,6449,0.5853917598724365,53,,,,,,,,,,,,,,
,6479,,53,0.8706215023994446,22.995126724243164,6.114311218261719,2.1267168521881104,14.754097938537598,,,,,,,,,
,6479,,53,,,,,,16.017948150634766,5.861869812011719,1.701167106628418,8.454911231994629,,,,,
0.000775673042235325,6480,,,,,,,,,,,,,,,,
,6499,0.5949615240097046,54,,,,,,,,,,,,,,
,6549,0.6329154372215271,54,,,,,,,,,,,,,,
,6599,0.5906577706336975,54,,,,,,,,,,,,,,
,6599,,54,0.8928103446960449,23.216659545898438,5.78201150894165,1.9937970638275146,15.440850257873535,,,,,,,,,
,6599,,54,,,,,,16.035499572753906,6.009867191314697,1.7612038850784302,8.264429092407227,,,,,
0.0007662500222194103,6600,,,,,,,,,,,,,,,,
,6649,0.580917477607727,55,,,,,,,,,,,,,,
,6699,0.5193894505500793,55,,,,,,,,,,,,,,
,6719,,55,0.8796782493591309,23.39388656616211,4.585733413696289,2.6140894889831543,16.194063186645508,,,,,,,,,
,6719,,55,,,,,,16.88286590576172,6.382715225219727,1.8067145347595215,8.693436622619629,,,,,
0.00075669318906425,6720,,,,,,,,,,,,,,,,
,6749,0.5837292075157166,56,,,,,,,,,,,,,,
,6799,0.5765711665153503,56,,,,,,,,,,,,,,
,6839,,56,0.8056541085243225,22.485599517822266,7.5542755126953125,1.3291980028152466,13.602127075195312,,,,,,,,,
,6839,,56,,,,,,15.656245231628418,5.869193077087402,1.7510910034179688,8.035961151123047,,,,,
0.0007470073549231411,6840,,,,,,,,,,,,,,,,
,6849,0.4401826560497284,57,,,,,,,,,,,,,,
,6899,0.5644277334213257,57,,,,,,,,,,,,,,
,6949,0.45324429869651794,57,,,,,,,,,,,,,,
,6959,,57,0.8693720102310181,23.770492553710938,7.266282558441162,1.5728843212127686,14.93132495880127,,,,,,,,,
,6959,,57,,,,,,14.3194580078125,5.586607456207275,1.6877926588058472,7.045058250427246,,,,,
0.0007371973969052627,6960,,,,,,,,,,,,,,,,
,6999,0.3889995813369751,58,,,,,,,,,,,,,,
,7049,0.5335568189620972,58,,,,,,,,,,,,,,
,7079,,58,0.8984812498092651,24.12494468688965,8.373948097229004,1.3291980028152466,14.421798706054688,,,,,,,,,
,7079,,58,,,,,,14.392536163330078,5.452425003051758,1.63270902633667,7.30740213394165,,,,,
0.0007272682546199035,7080,,,,,,,,,,,,,,,,
,7099,0.3792535662651062,59,,,,,,,,,,,,,,
,7149,0.4034743905067444,59,,,,,,,,,,,,,,
,7199,0.5017725229263306,59,,,,,,,,,,,,,,
,7199,,59,0.8729851841926575,21.643774032592773,4.8737263679504395,2.171023368835449,14.59902572631836,,,,,,,,,
,7199,,59,,,,,,13.882845878601074,5.479055881500244,1.7556663751602173,6.648123264312744,,,,,
0.0007172249276892202,7200,,,,,,,,,,,,,,,,
,7249,0.4253767728805542,60,,,,,,,,,,,,,,
,7299,0.4077851474285126,60,,,,,,,,,,,,,,
,7319,,60,0.8690729737281799,22.153301239013672,4.718653202056885,2.9020824432373047,14.532565116882324,,,,,,,,,
,7319,,60,,,,,,13.371106147766113,5.296436309814453,1.673783302307129,6.4008870124816895,,,,,
0.0007070724732307769,7320,,,,,,,,,,,,,,,,
,7349,0.4465874433517456,61,,,,,,,,,,,,,,
,7399,0.46543481945991516,61,,,,,,,,,,,,,,
,7439,,61,0.8655727505683899,23.659725189208984,7.465662479400635,1.0855116844177246,15.108551025390625,,,,,,,,,
,7439,,61,,,,,,12.586102485656738,5.14547872543335,1.6159695386886597,5.8246541023254395,,,,,
0.0006968160033111347,7440,,,,,,,,,,,,,,,,
,7449,0.45435208082199097,62,,,,,,,,,,,,,,
,7499,0.47410857677459717,62,,,,,,,,,,,,,,
,7549,0.443370521068573,62,,,,,,,,,,,,,,
,7559,,62,0.9162712693214417,23.6818790435791,7.487815856933594,1.3513513803482056,14.842711448669434,,,,,,,,,
,7559,,62,,,,,,12.72203254699707,5.044682025909424,1.6328332424163818,6.044516563415527,,,,,
0.0006864606823717715,7560,,,,,,,,,,,,,,,,
,7599,0.49093541502952576,63,,,,,,,,,,,,,,
,7649,0.44943660497665405,63,,,,,,,,,,,,,,
,7679,,63,0.9221010208129883,24.16925048828125,8.307487487792969,1.151971697807312,14.709792137145996,,,,,,,,,
,7679,,63,,,,,,11.859978675842285,4.979926109313965,1.5467745065689087,5.333278179168701,,,,,
0.0006760117246286306,7680,,,,,,,,,,,,,,,,
,7699,0.5203736424446106,64,,,,,,,,,,,,,,
,7749,0.4867513179779053,64,,,,,,,,,,,,,,
,7799,0.548286497592926,64,,,,,,,,,,,,,,
,7799,,64,0.8797589540481567,22.751440048217773,6.889676570892334,1.4842711687088013,14.37749195098877,,,,,,,,,
,7799,,64,,,,,,11.699466705322266,4.829311370849609,1.5722060203552246,5.297949314117432,,,,,
0.0006654743914466059,7800,,,,,,,,,,,,,,,,
,7849,0.3805900812149048,65,,,,,,,,,,,,,,
,7899,0.44848328828811646,65,,,,,,,,,,,,,,
,7919,,65,0.8717180490493774,21.887460708618164,6.025697708129883,1.7501107454299927,14.111652374267578,,,,,,,,,
,7919,,65,,,,,,11.11325454711914,4.728575229644775,1.550013780593872,4.834665298461914,,,,,
0.0006548539886902862,7920,,,,,,,,,,,,,,,,
,7949,0.4075680375099182,66,,,,,,,,,,,,,,
,7999,0.3540523052215576,66,,,,,,,,,,,,,,
,8039,,66,0.9226570725440979,23.105892181396484,6.2029242515563965,1.8830305337905884,15.019937515258789,,,,,,,,,
,8039,,66,,,,,,10.608504295349121,4.5096821784973145,1.467851996421814,4.630969524383545,,,,,
0.0006441558640522925,8040,,,,,,,,,,,,,,,,
,8049,0.4738749861717224,67,,,,,,,,,,,,,,
,8099,0.39873892068862915,67,,,,,,,,,,,,,,
,8149,0.3562379777431488,67,,,,,,,,,,,,,,
,8159,,67,0.9328751564025879,22.906513214111328,6.269383907318115,1.4621179103851318,15.175010681152344,,,,,,,,,
,8159,,67,,,,,,11.166017532348633,4.813555717468262,1.5223884582519531,4.830073356628418,,,,,
0.000633385404360554,8160,,,,,,,,,,,,,,,,
,8199,0.4037061035633087,68,,,,,,,,,,,,,,
,8249,0.3316482603549957,68,,,,,,,,,,,,,,
,8279,,68,0.8977960348129272,22.995126724243164,6.911829948425293,1.6393442153930664,14.443952560424805,,,,,,,,,
,8279,,68,,,,,,10.275947570800781,4.393190383911133,1.5060406923294067,4.376716136932373,,,,,
0.0006225480328658779,8280,,,,,,,,,,,,,,,,
,8299,0.6124314069747925,69,,,,,,,,,,,,,,
,8349,0.3729288578033447,69,,,,,,,,,,,,,,
,8399,0.37830349802970886,69,,,,,,,,,,,,,,
,8399,,69,0.9088258743286133,22.618520736694336,7.089056491851807,1.7501107454299927,13.779353141784668,,,,,,,,,
,8399,,69,,,,,,10.135600090026855,4.428308010101318,1.4563907384872437,4.250900745391846,,,,,
0.0006116492065111788,8400,,,,,,,,,,,,,,,,
,8449,0.3038218319416046,70,,,,,,,,,,,,,,
,8499,0.4566742181777954,70,,,,,,,,,,,,,,
,8519,,70,0.9477959871292114,22.906513214111328,6.335844039916992,1.794417381286621,14.776251792907715,,,,,,,,,
,8519,,70,,,,,,9.136727333068848,4.1917405128479,1.2958041429519653,3.6491827964782715,,,,,
0.0006006944131837446,8520,,,,,,,,,,,,,,,,
,8549,0.3810291290283203,71,,,,,,,,,,,,,,
,8599,0.27390894293785095,71,,,,,,,,,,,,,,
,8639,,71,0.9743360280990601,23.1280460357666,5.006646156311035,2.5033230781555176,15.618077278137207,,,,,,,,,
,8639,,71,,,,,,9.41485595703125,4.377914905548096,1.3345624208450317,3.702378749847412,,,,,
0.0005896891689519189,8640,,,,,,,,,,,,,,,,
,8649,0.3468838930130005,72,,,,,,,,,,,,,,
,8699,0.4259347915649414,72,,,,,,,,,,,,,,
,8749,0.3699975609779358,72,,,,,,,,,,,,,,
,8759,,72,0.9618908762931824,22.729286193847656,5.449711799621582,2.281790018081665,14.997784614562988,,,,,,,,,
,8759,,72,,,,,,9.849821090698242,4.391016960144043,1.4218792915344238,4.036924839019775,,,,,
0.0005786390152875952,8760,,,,,,,,,,,,,,,,
,8799,0.32182741165161133,73,,,,,,,,,,,,,,
,8849,0.45429471135139465,73,,,,,,,,,,,,,,
,8879,,73,0.959105372428894,23.327425003051758,5.449711799621582,2.348249912261963,15.529463768005371,,,,,,,,,
,8879,,73,,,,,,8.8688325881958,4.23964786529541,1.3537794351577759,3.2754056453704834,,,,,
0.0005675495162759188,8880,,,,,,,,,,,,,,,,
,8899,0.32848697900772095,74,,,,,,,,,,,,,,
,8949,0.2611468434333801,74,,,,,,,,,,,,,,
,8999,0.3883114159107208,74,,,,,,,,,,,,,,
,8999,,74,0.9201244711875916,21.73238754272461,5.538325309753418,1.8165706396102905,14.37749195098877,,,,,,,,,
,8999,,74,,,,,,8.375686645507812,3.9943253993988037,1.2685426473617554,3.112818956375122,,,,,
0.0005564262558136021,9000,,,,,,,,,,,,,,,,
,9049,0.28495264053344727,75,,,,,,,,,,,,,,
,9099,0.275057315826416,75,,,,,,,,,,,,,,
,9119,,75,0.9166328310966492,21.62162208557129,5.2946391105651855,2.237483501434326,14.089499473571777,,,,,,,,,
,9119,,75,,,,,,8.04263687133789,3.923539876937866,1.2408246994018555,2.878272533416748,,,,,
0.0005452748347972648,9120,,,,,,,,,,,,,,,,
,9149,0.3486212193965912,76,,,,,,,,,,,,,,
,9199,0.3959617018699646,76,,,,,,,,,,,,,,
,9239,,76,0.9335694313049316,22.108993530273438,7.731502056121826,1.2184315919876099,13.15906047821045,,,,,,,,,
,9239,,76,,,,,,7.71073055267334,3.6723008155822754,1.2222650051116943,2.81616473197937,,,,,
0.0005341008683032136,9240,,,,,,,,,,,,,,,,
,9249,0.39983099699020386,77,,,,,,,,,,,,,,
,9299,0.3920910954475403,77,,,,,,,,,,,,,,
,9349,0.26855939626693726,77,,,,,,,,,,,,,,
,9359,,77,0.9611124992370605,22.662826538085938,6.579530239105225,1.5507310628890991,14.532565116882324,,,,,,,,,
,9359,,77,,,,,,7.819934368133545,3.8503201007843018,1.2299634218215942,2.7396509647369385,,,,,
0.0005229099827600821,9360,,,,,,,,,,,,,,,,
,9399,0.2978324890136719,78,,,,,,,,,,,,,,
,9449,0.350818395614624,78,,,,,,,,,,,,,,
,9479,,78,0.9723250865936279,21.3779354095459,5.626938343048096,2.0159504413604736,13.73504638671875,,,,,,,,,
,9479,,78,,,,,,7.134022235870361,3.6185476779937744,1.1736572980880737,2.3418173789978027,,,,,
0.0005117078131157544,9480,,,,,,,,,,,,,,,,
,9499,0.2641289234161377,79,,,,,,,,,,,,,,
,9549,0.43232810497283936,79,,,,,,,,,,,,,,
,9599,0.2640899121761322,79,,,,,,,,,,,,,,
,9599,,79,0.9520856738090515,21.86530876159668,7.177669525146484,1.3513513803482056,13.336287498474121,,,,,,,,,
,9599,,79,,,,,,7.239194393157959,3.626499652862549,1.20653235912323,2.4061625003814697,,,,,
0.0005004999999999998,9600,,,,,,,,,,,,,,,,
,9649,0.4787238836288452,80,,,,,,,,,,,,,,
,9699,0.3397913873195648,80,,,,,,,,,,,,,,
,9719,,80,0.9415993690490723,21.31147575378418,5.892777919769287,1.5950376987457275,13.823659896850586,,,,,,,,,
,9719,,80,,,,,,7.290462970733643,3.658301591873169,1.184579849243164,2.4475812911987305,,,,,
0.0004892921868842453,9720,,,,,,,,,,,,,,,,
,9749,0.23240521550178528,81,,,,,,,,,,,,,,
,9799,0.29961419105529785,81,,,,,,,,,,,,,,
,9839,,81,0.9851078391075134,22.064687728881836,6.2472310066223145,1.8165706396102905,14.000885963439941,,,,,,,,,
,9839,,81,,,,,,7.130849361419678,3.6391446590423584,1.1450697183609009,2.346635103225708,,,,,
0.0004780900172399177,9840,,,,,,,,,,,,,,,,
,9849,0.27326148748397827,82,,,,,,,,,,,,,,
,9899,0.18164029717445374,82,,,,,,,,,,,,,,
,9949,0.3276977837085724,82,,,,,,,,,,,,,,
,9959,,82,0.9719176888465881,21.533008575439453,5.804164886474609,1.7279574871063232,14.000885963439941,,,,,,,,,
,9959,,82,,,,,,6.484129905700684,3.4187798500061035,1.0932945013046265,1.9720556735992432,,,,,
0.0004668991316967861,9960,,,,,,,,,,,,,,,,
,9999,0.17515626549720764,83,,,,,,,,,,,,,,
,10049,0.3419250547885895,83,,,,,,,,,,,,,,
,10079,,83,1.0002152919769287,22.197607040405273,6.047851085662842,1.6836508512496948,14.466105461120605,,,,,,,,,
,10079,,83,,,,,,6.487929821014404,3.5329902172088623,1.0418673753738403,1.9130722284317017,,,,,
0.0004557251652027349,10080,,,,,,,,,,,,,,,,
,10099,0.21530234813690186,84,,,,,,,,,,,,,,
,10149,0.3397577404975891,84,,,,,,,,,,,,,,
,10199,0.2939220070838928,84,,,,,,,,,,,,,,
,10199,,84,1.0238677263259888,21.66592788696289,5.338945388793945,1.5285778045654297,14.798404693603516,,,,,,,,,
,10199,,84,,,,,,6.383388042449951,3.436997652053833,1.0059504508972168,1.940440058708191,,,,,
0.0004445737441863976,10200,,,,,,,,,,,,,,,,
,10249,0.28822970390319824,85,,,,,,,,,,,,,,
,10299,0.2571486532688141,85,,,,,,,,,,,,,,
,10319,,85,1.0071444511413574,21.97607421875,5.914931297302246,2.1488702297210693,13.912272453308105,,,,,,,,,
,10319,,85,,,,,,6.414849758148193,3.3638343811035156,1.0748835802078247,1.9761320352554321,,,,,
0.000433450483724081,10320,,,,,,,,,,,,,,,,
,10349,0.266415536403656,86,,,,,,,,,,,,,,
,10399,0.2228219211101532,86,,,,,,,,,,,,,,
,10439,,86,0.9737871885299683,21.55516242980957,5.715551853179932,1.9937970638275146,13.845812797546387,,,,,,,,,
,10439,,86,,,,,,5.938284873962402,3.295520305633545,0.9825839996337891,1.6601804494857788,,,,,
0.0004223609847124046,10440,,,,,,,,,,,,,,,,
,10449,0.42879125475883484,87,,,,,,,,,,,,,,
,10499,0.2600659728050232,87,,,,,,,,,,,,,,
,10549,0.2101851999759674,87,,,,,,,,,,,,,,
,10559,,87,0.9676149487495422,20.80194854736328,4.231280326843262,2.4147098064422607,14.155959129333496,,,,,,,,,
,10559,,87,,,,,,6.580212593078613,3.449460029602051,1.0673956871032715,2.063356876373291,,,,,
0.0004113108310480809,10560,,,,,,,,,,,,,,,,
,10599,0.22826261818408966,88,,,,,,,,,,,,,,
,10649,0.40916430950164795,88,,,,,,,,,,,,,,
,10679,,88,0.9930153489112854,20.868410110473633,4.430660247802734,2.215330123901367,14.222418785095215,,,,,,,,,
,10679,,88,,,,,,6.397486686706543,3.3681812286376953,1.1044342517852783,1.9248710870742798,,,,,
0.00040030558681625514,10680,,,,,,,,,,,,,,,,
,10699,0.21209214627742767,89,,,,,,,,,,,,,,
,10749,0.25232571363449097,89,,,,,,,,,,,,,,
,10799,0.2887617349624634,89,,,,,,,,,,,,,,
,10799,,89,1.0005995035171509,21.821001052856445,5.759858131408691,1.8830305337905884,14.178112983703613,,,,,,,,,
,10799,,89,,,,,,6.031824588775635,3.2788238525390625,1.0351282358169556,1.7178725004196167,,,,,
0.0003893507934888208,10800,,,,,,,,,,,,,,,,
,10849,0.2677510678768158,90,,,,,,,,,,,,,,
,10899,0.3912757635116577,90,,,,,,,,,,,,,,
,10919,,90,0.9731413125991821,21.798847198486328,6.535223960876465,2.0381035804748535,13.225520133972168,,,,,,,,,
,10919,,90,,,,,,5.588045120239258,3.137341260910034,0.9797311425209045,1.4709726572036743,,,,,
0.0003784519671341218,10920,,,,,,,,,,,,,,,,
,10949,0.15779933333396912,91,,,,,,,,,,,,,,
,10999,0.28372690081596375,91,,,,,,,,,,,,,,
,11039,,91,0.9846272468566895,21.66592788696289,6.601683616638184,1.8387240171432495,13.225520133972168,,,,,,,,,
,11039,,91,,,,,,5.529750823974609,3.113585948944092,0.978594958782196,1.4375697374343872,,,,,
0.00036761459563944575,11040,,,,,,,,,,,,,,,,
,11049,0.25244852900505066,92,,,,,,,,,,,,,,
,11099,0.1152728870511055,92,,,,,,,,,,,,,,
,11149,0.2610713243484497,92,,,,,,,,,,,,,,
,11159,,92,1.0339436531066895,21.90961456298828,6.490917205810547,1.373504638671875,14.04519271850586,,,,,,,,,
,11159,,92,,,,,,5.165366172790527,3.004528045654297,0.9083777070045471,1.252460241317749,,,,,
0.0003568441359477071,11160,,,,,,,,,,,,,,,,
,11199,0.2639354169368744,93,,,,,,,,,,,,,,
,11249,0.1454320251941681,93,,,,,,,,,,,,,,
,11279,,93,1.0073875188827515,22.108993530273438,6.956136226654053,1.5950376987457275,13.557820320129395,,,,,,,,,
,11279,,93,,,,,,5.005094528198242,2.970010757446289,0.9239115715026855,1.1111723184585571,,,,,
0.0003461460113097136,11280,,,,,,,,,,,,,,,,
,11299,0.2831389307975769,94,,,,,,,,,,,,,,
,11349,0.23071882128715515,94,,,,,,,,,,,,,,
,11399,0.19757026433944702,94,,,,,,,,,,,,,,
,11399,,94,0.9917433261871338,21.222862243652344,6.047851085662842,1.7501107454299927,13.42490005493164,,,,,,,,,
,11399,,94,,,,,,4.969540596008301,2.888150930404663,0.902804434299469,1.178585171699524,,,,,
0.0003355256085533939,11400,,,,,,,,,,,,,,,,
,11449,0.1577901393175125,95,,,,,,,,,,,,,,
,11499,0.26390784978866577,95,,,,,,,,,,,,,,
,11519,,95,0.9887705445289612,20.491804122924805,5.228178977966309,1.9937970638275146,13.269826889038086,,,,,,,,,
,11519,,95,,,,,,4.56797456741333,2.87326979637146,0.7866300344467163,0.908074676990509,,,,,
0.0003249882753713692,11520,,,,,,,,,,,,,,,,
,11549,0.2602875232696533,96,,,,,,,,,,,,,,
,11599,0.20332615077495575,96,,,,,,,,,,,,,,
,11639,,96,0.9693500399589539,21.289321899414062,6.601683616638184,1.5064244270324707,13.181214332580566,,,,,,,,,
,11639,,96,,,,,,4.4603071212768555,2.7741100788116455,0.8045881986618042,0.8816086053848267,,,,,
0.00031453931762822837,11640,,,,,,,,,,,,,,,,
,11649,0.21922269463539124,97,,,,,,,,,,,,,,
,11699,0.2053307294845581,97,,,,,,,,,,,,,,
,11749,0.1947956681251526,97,,,,,,,,,,,,,,
,11759,,97,0.9812262058258057,21.156402587890625,6.070004463195801,1.4842711687088013,13.602127075195312,,,,,,,,,
,11759,,97,,,,,,4.210874080657959,2.6366126537323,0.7609847187995911,0.8132766485214233,,,,,
0.0003041839966888652,11760,,,,,,,,,,,,,,,,
,11799,0.2849804162979126,98,,,,,,,,,,,,,,
,11849,0.32926255464553833,98,,,,,,,,,,,,,,
,11879,,98,1.0240730047225952,21.35578155517578,6.446610450744629,1.4842711687088013,13.42490005493164,,,,,,,,,
,11879,,98,,,,,,4.730594158172607,2.890078067779541,0.8501038551330566,0.9904122352600098,,,,,
0.0002939275267692228,11880,,,,,,,,,,,,,,,,
,11899,0.22427284717559814,99,,,,,,,,,,,,,,
,11949,0.16870838403701782,99,,,,,,,,,,,,,,
,11999,0.21204327046871185,99,,,,,,,,,,,,,,
,11999,,99,1.0509413480758667,21.31147575378418,5.16171932220459,2.0602569580078125,14.089499473571777,,,,,,,,,
,11999,,99,,,,,,4.4969587326049805,2.740741729736328,0.8060197234153748,0.9501970410346985,,,,,
0.00028377507231077965,12000,,,,,,,,,,,,,,,,
,12049,0.206764817237854,100,,,,,,,,,,,,,,
,12099,0.19001872837543488,100,,,,,,,,,,,,,,
,12119,,100,1.0170505046844482,20.890562057495117,5.671245098114014,1.8387240171432495,13.380593299865723,,,,,,,,,
,12119,,100,,,,,,4.262979984283447,2.747162103652954,0.7737129926681519,0.7421048283576965,,,,,
0.0002737317453800963,12120,,,,,,,,,,,,,,,,
,12149,0.22097867727279663,101,,,,,,,,,,,,,,
,12199,0.14532867074012756,101,,,,,,,,,,,,,,
,12239,,101,1.0189319849014282,20.75764274597168,5.228178977966309,1.9716438055038452,13.557820320129395,,,,,,,,,
,12239,,101,,,,,,4.0537943840026855,2.6155283451080322,0.7184460759162903,0.7198197841644287,,,,,
0.00026380260309473707,12240,,,,,,,,,,,,,,,,
,12249,0.19287626445293427,102,,,,,,,,,,,,,,
,12299,0.288089394569397,102,,,,,,,,,,,,,,
,12349,0.16375795006752014,102,,,,,,,,,,,,,,
,12359,,102,1.0164848566055298,21.776695251464844,8.21887493133545,1.1962782144546509,12.361541748046875,,,,,,,,,
,12359,,102,,,,,,4.007770538330078,2.606635093688965,0.7343215942382812,0.6668136119842529,,,,,
0.0002539926450768586,12360,,,,,,,,,,,,,,,,
,12399,0.14850850403308868,103,,,,,,,,,,,,,,
,12449,0.2235644906759262,103,,,,,,,,,,,,,,
,12479,,103,1.0114060640335083,21.023483276367188,6.490917205810547,1.4621179103851318,13.07044792175293,,,,,,,,,
,12479,,103,,,,,,3.9140772819519043,2.5479981899261475,0.7366381287574768,0.6294407844543457,,,,,
0.0002443068109357498,12480,,,,,,,,,,,,,,,,
,12499,0.2033451795578003,104,,,,,,,,,,,,,,
,12549,0.2476613074541092,104,,,,,,,,,,,,,,
,12599,0.27157559990882874,104,,,,,,,,,,,,,,
,12599,,104,1.0048024654388428,20.69118309020996,6.09215784072876,1.5507310628890991,13.048294067382812,,,,,,,,,
,12599,,104,,,,,,3.7257494926452637,2.478780746459961,0.6834214925765991,0.5635471940040588,,,,,
0.00023474997778058935,12600,,,,,,,,,,,,,,,,
,12649,0.21639344096183777,105,,,,,,,,,,,,,,
,12699,0.3745351731777191,105,,,,,,,,,,,,,,
,12719,,105,1.0010384321212769,21.643774032592773,6.978289604187012,1.2405848503112793,13.42490005493164,,,,,,,,,
,12719,,105,,,,,,3.8085668087005615,2.4637999534606934,0.7239993214607239,0.6207674741744995,,,,,
0.00022532695776467476,12720,,,,,,,,,,,,,,,,
,12749,0.22515353560447693,106,,,,,,,,,,,,,,
,12799,0.22841762006282806,106,,,,,,,,,,,,,,
,12839,,106,0.9946988821029663,21.00132942199707,6.070004463195801,1.860877275466919,13.07044792175293,,,,,,,,,
,12839,,106,,,,,,3.5534608364105225,2.4201128482818604,0.6578947305679321,0.47545334696769714,,,,,
0.00021604249566235817,12840,,,,,,,,,,,,,,,,
,12849,0.17313320934772491,107,,,,,,,,,,,,,,
,12899,0.22297990322113037,107,,,,,,,,,,,,,,
,12949,0.25914067029953003,107,,,,,,,,,,,,,,
,12959,,107,1.0523097515106201,22.17545509338379,6.357997417449951,2.0381035804748535,13.779353141784668,,,,,,,,,
,12959,,107,,,,,,3.631579637527466,2.394101858139038,0.7098710536956787,0.5276068449020386,,,,,
0.00020690126647990965,12960,,,,,,,,,,,,,,,,
,12999,0.21594443917274475,108,,,,,,,,,,,,,,
,13049,0.17214326560497284,108,,,,,,,,,,,,,,
,13079,,108,1.0121515989303589,21.156402587890625,6.38015079498291,1.6393442153930664,13.136907577514648,,,,,,,,,
,13079,,108,,,,,,3.395716667175293,2.348336696624756,0.6408312916755676,0.4065488874912262,,,,,
0.00019790787310151043,13080,,,,,,,,,,,,,,,,
,13099,0.1414589285850525,109,,,,,,,,,,,,,,
,13149,0.15742243826389313,109,,,,,,,,,,,,,,
,13199,0.22798216342926025,109,,,,,,,,,,,,,,
,13199,,109,1.0190989971160889,21.3779354095459,6.09215784072876,1.9494904279708862,13.336287498474121,,,,,,,,,
,13199,,109,,,,,,3.5178017616271973,2.455461263656616,0.6313651204109192,0.4309753179550171,,,,,
0.00018906684397156255,13200,,,,,,,,,,,,,,,,
,13249,0.10547153651714325,110,,,,,,,,,,,,,,
,13299,0.2246617078781128,110,,,,,,,,,,,,,,
,13319,,110,1.0406330823898315,21.444395065307617,6.601683616638184,1.5285778045654297,13.314133644104004,,,,,,,,,
,13319,,110,,,,,,3.4349989891052246,2.3692967891693115,0.6875498294830322,0.37815243005752563,,,,,
0.00018038263081448039,13320,,,,,,,,,,,,,,,,
,13349,0.19106322526931763,111,,,,,,,,,,,,,,
,13399,0.21867895126342773,111,,,,,,,,,,,,,,
,13439,,111,1.0368043184280396,21.73238754272461,7.199822902679443,1.4621179103851318,13.07044792175293,,,,,,,,,
,13439,,111,,,,,,3.441866874694824,2.365250825881958,0.680112898349762,0.3965030610561371,,,,,
0.0001718596063931135,13440,,,,,,,,,,,,,,,,
,13449,0.226676344871521,112,,,,,,,,,,,,,,
,13499,0.30804285407066345,112,,,,,,,,,,,,,,
,13549,0.25013643503189087,112,,,,,,,,,,,,,,
,13559,,112,1.0338857173919678,22.441293716430664,8.196721076965332,1.2405848503112793,13.003987312316895,,,,,,,,,
,13559,,112,,,,,,3.4015939235687256,2.2919609546661377,0.6405420899391174,0.4690907597541809,,,,,
0.00016350206230692882,13560,,,,,,,,,,,,,,,,
,13599,0.10499155521392822,113,,,,,,,,,,,,,,
,13649,0.14073896408081055,113,,,,,,,,,,,,,,
,13679,,113,1.0575600862503052,21.267168045043945,6.513070583343506,1.2848914861679077,13.469206809997559,,,,,,,,,
,13679,,113,,,,,,3.375579595565796,2.331117868423462,0.6619053483009338,0.3825565278530121,,,,,
0.00015531420683106105,13680,,,,,,,,,,,,,,,,
,13699,0.18876776099205017,114,,,,,,,,,,,,,,
,13749,0.1965845823287964,114,,,,,,,,,,,,,,
,13799,0.08940053731203079,114,,,,,,,,,,,,,,
,13799,,114,1.0088225603103638,20.868410110473633,6.513070583343506,1.5507310628890991,12.804608345031738,,,,,,,,,
,13799,,114,,,,,,3.1468772888183594,2.2120654582977295,0.599273681640625,0.33553802967071533,,,,,
0.0001473001627973195,13800,,,,,,,,,,,,,,,,
,13849,0.15176492929458618,115,,,,,,,,,,,,,,
,13899,0.16285404562950134,115,,,,,,,,,,,,,,
,13919,,115,1.0604894161224365,21.73238754272461,6.845369815826416,1.5950376987457275,13.291980743408203,,,,,,,,,
,13919,,115,,,,,,2.953986406326294,2.084277868270874,0.5798057317733765,0.28990286588668823,,,,,
0.0001394639655182179,13920,,,,,,,,,,,,,,,,
,13949,0.12995095551013947,116,,,,,,,,,,,,,,
,13999,0.1426602005958557,116,,,,,,,,,,,,,,
,14039,,116,1.0421005487442017,21.31147575378418,7.199822902679443,1.4842711687088013,12.627381324768066,,,,,,,,,
,14039,,116,,,,,,3.007808208465576,2.1555042266845703,0.5484988689422607,0.3038051128387451,,,,,
0.00013180956075507333,14040,,,,,,,,,,,,,,,,
,14049,0.21399779617786407,117,,,,,,,,,,,,,,
,14099,0.1748451590538025,117,,,,,,,,,,,,,,
,14149,0.18620705604553223,117,,,,,,,,,,,,,,
,14159,,117,1.026559829711914,21.843154907226562,8.063801765441895,1.1741249561309814,12.605228424072266,,,,,,,,,
,14159,,117,,,,,,2.9579379558563232,2.1408660411834717,0.5643976330757141,0.2526743710041046,,,,,
0.0001243408027311963,14160,,,,,,,,,,,,,,,,
,14199,0.1212255135178566,118,,,,,,,,,,,,,,
,14249,0.20413419604301453,118,,,,,,,,,,,,,,
,14279,,118,1.005250334739685,20.624723434448242,6.623836994171143,1.2627381086349487,12.738147735595703,,,,,,,,,
,14279,,118,,,,,,2.9124743938446045,2.110029935836792,0.5739611387252808,0.22848333418369293,,,,,
0.00011706145219117339,14280,,,,,,,,,,,,,,,,
,14299,0.11497072130441666,119,,,,,,,,,,,,,,
,14349,0.1647205650806427,119,,,,,,,,,,,,,,
,14399,0.11846095323562622,119,,,,,,,,,,,,,,
,14399,,119,1.0304148197174072,20.8241024017334,7.244129180908203,1.5064244270324707,12.073549270629883,,,,,,,,,
,14399,,119,,,,,,2.875197410583496,2.101792812347412,0.5384985208511353,0.23490624129772186,,,,,
0.0001099751745072191,14400,,,,,,,,,,,,,,,,
,14449,0.23688316345214844,120,,,,,,,,,,,,,,
,14499,0.127456933259964,120,,,,,,,,,,,,,,
,14519,,120,1.0016412734985352,21.11209487915039,7.244129180908203,1.5285778045654297,12.339388847351074,,,,,,,,,
,14519,,120,,,,,,2.956866979598999,2.153205633163452,0.5638035535812378,0.2398577332496643,,,,,
0.00010308553783355037,14520,,,,,,,,,,,,,,,,
,14549,0.15376321971416473,121,,,,,,,,,,,,,,
,14599,0.1162598580121994,121,,,,,,,,,,,,,,
,14639,,121,0.9905663132667542,20.75764274597168,6.756756782531738,1.6393442153930664,12.361541748046875,,,,,,,,,
,14639,,121,,,,,,2.800374984741211,2.055814504623413,0.5763450264930725,0.1682155430316925,,,,,
9.639601130971375e-05,14640,,,,,,,,,,,,,,,,
,14649,0.17772968113422394,122,,,,,,,,,,,,,,
,14699,0.231541708111763,122,,,,,,,,,,,,,,
,14749,0.14531083405017853,122,,,,,,,,,,,,,,
,14759,,122,1.037387728691101,21.333629608154297,6.446610450744629,1.8387240171432495,13.048294067382812,,,,,,,,,
,14759,,122,,,,,,2.830110788345337,2.0875160694122314,0.5363183617591858,0.2062762975692749,,,,,
8.990996331376899e-05,14760,,,,,,,,,,,,,,,,
,14799,0.12186694145202637,123,,,,,,,,,,,,,,
,14849,0.15924927592277527,123,,,,,,,,,,,,,,
,14879,,123,1.0395417213439941,21.466548919677734,7.266282558441162,1.4399645328521729,12.76030158996582,,,,,,,,,
,14879,,123,,,,,,2.8816819190979004,2.0983922481536865,0.5936512351036072,0.18963858485221863,,,,,
8.363065976620927e-05,14880,,,,,,,,,,,,,,,,
,14899,0.09157244861125946,124,,,,,,,,,,,,,,
,14949,0.17186474800109863,124,,,,,,,,,,,,,,
,14999,0.16894492506980896,124,,,,,,,,,,,,,,
,14999,,124,0.9837459325790405,20.33673095703125,6.801063537597656,1.2848914861679077,12.250775337219238,,,,,,,,,
,14999,,124,,,,,,2.6459176540374756,1.9703348875045776,0.5201023817062378,0.15548034012317657,,,,,
7.756126248547202e-05,15000,,,,,,,,,,,,,,,,
,15049,0.14049845933914185,125,,,,,,,,,,,,,,
,15099,0.2659832239151001,125,,,,,,,,,,,,,,
,15119,,125,0.9796436429023743,20.13735008239746,6.468763828277588,1.6836508512496948,11.984935760498047,,,,,,,,,
,15119,,125,,,,,,2.755222797393799,2.0271944999694824,0.5491178035736084,0.17891056835651398,,,,,
7.170482759586783e-05,15120,,,,,,,,,,,,,,,,
,15149,0.1658104658126831,126,,,,,,,,,,,,,,
,15199,0.19115537405014038,126,,,,,,,,,,,,,,
,15239,,126,1.0091552734375,20.69118309020996,7.177669525146484,1.129818320274353,12.383695602416992,,,,,,,,,
,15239,,126,,,,,,2.7810781002044678,2.069575309753418,0.5415710806846619,0.16993175446987152,,,,,
6.606430398873013e-05,15240,,,,,,,,,,,,,,,,
,15249,0.2012813687324524,127,,,,,,,,,,,,,,
,15299,0.14884014427661896,127,,,,,,,,,,,,,,
,15349,0.11326173692941666,127,,,,,,,,,,,,,,
,15359,,127,1.0083574056625366,20.292423248291016,6.446610450744629,1.4399645328521729,12.405848503112793,,,,,,,,,
,15359,,127,,,,,,2.782630205154419,2.097632884979248,0.5309417843818665,0.154055655002594,,,,,
6.064253183755932e-05,15360,,,,,,,,,,,,,,,,
,15399,0.1241261214017868,128,,,,,,,,,,,,,,
,15449,0.13211482763290405,128,,,,,,,,,,,,,,
,15479,,128,0.996444582939148,21.11209487915039,8.085954666137695,1.1741249561309814,11.852015495300293,,,,,,,,,
,15479,,128,,,,,,2.662043333053589,1.992042899131775,0.5083715319633484,0.16162900626659393,,,,,
5.544224116791025e-05,15480,,,,,,,,,,,,,,,,
,15499,0.16095466911792755,129,,,,,,,,,,,,,,
,15549,0.15590955317020416,129,,,,,,,,,,,,,,
,15599,0.14673663675785065,129,,,,,,,,,,,,,,
,15599,,129,0.9979403614997864,20.912715911865234,7.02259635925293,1.2627381086349487,12.627381324768066,,,,,,,,,
,15599,,129,,,,,,2.7466251850128174,2.06960129737854,0.5187764167785645,0.1582474410533905,,,,,
5.046605048274165e-05,15600,,,,,,,,,,,,,,,,
,15649,0.16453774273395538,130,,,,,,,,,,,,,,
,15699,0.24263176321983337,130,,,,,,,,,,,,,,
,15719,,130,1.0025715827941895,21.089942932128906,6.956136226654053,1.3070447444915771,12.826761245727539,,,,,,,,,
,15719,,130,,,,,,2.7360270023345947,2.025156021118164,0.5607064366340637,0.1501646339893341,,,,,
4.571646544392144e-05,15720,,,,,,,,,,,,,,,,
,15749,0.26040950417518616,131,,,,,,,,,,,,,,
,15799,0.1386387199163437,131,,,,,,,,,,,,,,
,15839,,131,0.9992883205413818,20.779796600341797,6.601683616638184,1.3070447444915771,12.871068000793457,,,,,,,,,
,15839,,131,,,,,,2.6344752311706543,1.986518144607544,0.496629536151886,0.15132755041122437,,,,,
4.119587761055041e-05,15840,,,,,,,,,,,,,,,,
,15849,0.08413003385066986,132,,,,,,,,,,,,,,
,15899,0.1502297818660736,132,,,,,,,,,,,,,,
,15949,0.10467018187046051,132,,,,,,,,,,,,,,
,15959,,132,0.9919506907463074,20.669029235839844,6.889676570892334,1.5064244270324707,12.272928237915039,,,,,,,,,
,15959,,132,,,,,,2.564279079437256,1.9187358617782593,0.5257942080497742,0.11974894255399704,,,,,
3.690656323474007e-05,15960,,,,,,,,,,,,,,,,
,15999,0.2166278064250946,133,,,,,,,,,,,,,,
,16049,0.10383560508489609,133,,,,,,,,,,,,,,
,16079,,133,0.9838510751724243,20.602569580078125,6.978289604187012,1.3070447444915771,12.317234992980957,,,,,,,,,
,16079,,133,,,,,,2.4193103313446045,1.8106962442398071,0.5108504295349121,0.09776382148265839,,,,,
3.2850682115451246e-05,16080,,,,,,,,,,,,,,,,
,16099,0.11318753659725189,134,,,,,,,,,,,,,,
,16149,0.19827298820018768,134,,,,,,,,,,,,,,
,16199,0.14858528971672058,134,,,,,,,,,,,,,,
,16199,,134,0.9903910160064697,20.912715911865234,7.642889022827148,1.1076650619506836,12.162161827087402,,,,,,,,,
,16199,,134,,,,,,2.501620292663574,1.872767686843872,0.5074952244758606,0.12135755270719528,,,,,
2.903027651097038e-05,16200,,,,,,,,,,,,,,,,
,16249,0.10441091656684875,135,,,,,,,,,,,,,,
,16299,0.09551447629928589,135,,,,,,,,,,,,,,
,16319,,135,0.9888655543327332,20.779796600341797,7.31058931350708,1.129818320274353,12.339388847351074,,,,,,,,,
,16319,,135,,,,,,2.5947253704071045,1.9584128856658936,0.513997495174408,0.12231491506099701,,,,,
2.5447270110570797e-05,16320,,,,,,,,,,,,,,,,
,16349,0.1586093008518219,136,,,,,,,,,,,,,,
,16399,0.15892677009105682,136,,,,,,,,,,,,,,
,16439,,136,1.002143383026123,20.669029235839844,7.199822902679443,1.129818320274353,12.339388847351074,,,,,,,,,
,16439,,136,,,,,,2.5194199085235596,1.897153615951538,0.5132662653923035,0.10900009423494339,,,,,
2.2103467065877228e-05,16440,,,,,,,,,,,,,,,,
,16449,0.10996705293655396,137,,,,,,,,,,,,,,
,16499,0.1597505658864975,137,,,,,,,,,,,,,,
,16549,0.12444581091403961,137,,,,,,,,,,,,,,
,16559,,137,0.9924610257148743,20.912715911865234,7.332742691040039,1.2184315919876099,12.361541748046875,,,,,,,,,
,16559,,137,,,,,,2.5708670616149902,1.9662805795669556,0.4795471131801605,0.1250395029783249,,,,,
1.9000551082421295e-05,16560,,,,,,,,,,,,,,,,
,16599,0.07581314444541931,138,,,,,,,,,,,,,,
,16649,0.08782051503658295,138,,,,,,,,,,,,,,
,16679,,138,0.9886866211891174,20.890562057495117,7.399202346801758,1.1962782144546509,12.295082092285156,,,,,,,,,
,16679,,138,,,,,,2.5296432971954346,1.9560372829437256,0.48969709873199463,0.08390877395868301,,,,,
1.6140084571844897e-05,16680,,,,,,,,,,,,,,,,
,16699,0.17879724502563477,139,,,,,,,,,,,,,,
,16749,0.17499423027038574,139,,,,,,,,,,,,,,
,16799,0.19818277657032013,139,,,,,,,,,,,,,,
,16799,,139,0.9837833642959595,21.089942932128906,7.5321221351623535,1.1962782144546509,12.361541748046875,,,,,,,,,
,16799,,139,,,,,,2.513512134552002,1.9385616779327393,0.47981467843055725,0.09513567388057709,,,,,
1.3523507865179094e-05,16800,,,,,,,,,,,,,,,,
,16849,0.11191286891698837,140,,,,,,,,,,,,,,
,16899,0.17095905542373657,140,,,,,,,,,,,,,,
,16919,,140,0.9839422702789307,20.957021713256836,7.332742691040039,1.2627381086349487,12.361541748046875,,,,,,,,,
,16919,,140,,,,,,2.452863931655884,1.8868184089660645,0.48341113328933716,0.08263438194990158,,,,,
1.1152138487593872e-05,16920,,,,,,,,,,,,,,,,
,16949,0.1560000330209732,141,,,,,,,,,,,,,,
,16999,0.12268725037574768,141,,,,,,,,,,,,,,
,17039,,141,0.9830962419509888,20.8241024017334,7.399202346801758,1.2184315919876099,12.20646858215332,,,,,,,,,
,17039,,141,,,,,,2.4422497749328613,1.8540711402893066,0.46145156025886536,0.12672699987888336,,,,,
9.027170494984476e-06,17040,,,,,,,,,,,,,,,,
,17049,0.12491784989833832,142,,,,,,,,,,,,,,
,17099,0.17438270151615143,142,,,,,,,,,,,,,,
,17149,0.10642234236001968,142,,,,,,,,,,,,,,
,17159,,142,0.9793316721916199,20.580415725708008,7.000442981719971,1.2184315919876099,12.361541748046875,,,,,,,,,
,17159,,142,,,,,,2.4492604732513428,1.8754730224609375,0.4815961420536041,0.09219126403331757,,,,,
7.149673872728734e-06,17160,,,,,,,,,,,,,,,,
,17199,0.07906234264373779,143,,,,,,,,,,,,,,
,17249,0.16718411445617676,143,,,,,,,,,,,,,,
,17279,,143,0.9804142117500305,20.469650268554688,7.066903114318848,1.2848914861679077,12.1178560256958,,,,,,,,,
,17279,,143,,,,,,2.502091884613037,1.9300676584243774,0.46914222836494446,0.10288207232952118,,,,,
5.520593996916613e-06,17280,,,,,,,,,,,,,,,,
,17299,0.21545368432998657,144,,,,,,,,,,,,,,
,17349,0.07875096052885056,144,,,,,,,,,,,,,,
,17399,0.17445595562458038,144,,,,,,,,,,,,,,
,17399,,144,0.9904106259346008,20.912715911865234,7.332742691040039,1.2627381086349487,12.317234992980957,,,,,,,,,
,17399,,144,,,,,,2.4096219539642334,1.8296042680740356,0.4945993721485138,0.08541827648878098,,,,,
4.140751158325317e-06,17400,,,,,,,,,,,,,,,,
,17449,0.13501641154289246,145,,,,,,,,,,,,,,
,17499,0.13999499380588531,145,,,,,,,,,,,,,,
,17519,,145,0.991755485534668,21.089942932128906,7.5099687576293945,1.2405848503112793,12.339388847351074,,,,,,,,,
,17519,,145,,,,,,2.4647064208984375,1.8681182861328125,0.5086120367050171,0.0879761353135109,,,,,
3.010840149378084e-06,17520,,,,,,,,,,,,,,,,
,17549,0.22951427102088928,146,,,,,,,,,,,,,,
,17599,0.18557363748550415,146,,,,,,,,,,,,,,
,17639,,146,0.9890039563179016,20.8241024017334,7.399202346801758,1.151971697807312,12.272928237915039,,,,,,,,,
,17639,,146,,,,,,2.484626293182373,1.9110387563705444,0.48396438360214233,0.08962303400039673,,,,,
2.1314299142951862e-06,17640,,,,,,,,,,,,,,,,
,17649,0.1017686277627945,147,,,,,,,,,,,,,,
,17699,0.06293509900569916,147,,,,,,,,,,,,,,
,17749,0.18184781074523926,147,,,,,,,,,,,,,,
,17759,,147,0.9844509363174438,20.69118309020996,7.044749736785889,1.2627381086349487,12.383695602416992,,,,,,,,,
,17759,,147,,,,,,2.471987247467041,1.8739259243011475,0.48944801092147827,0.10861346125602722,,,,,
1.5029632626133622e-06,17760,,,,,,,,,,,,,,,,
,17799,0.13998004794120789,148,,,,,,,,,,,,,,
,17849,0.0997040793299675,148,,,,,,,,,,,,,,
,17879,,148,0.9846175312995911,20.75764274597168,7.465662479400635,1.2627381086349487,12.029242515563965,,,,,,,,,
,17879,,148,,,,,,2.529552698135376,1.9550302028656006,0.47256895899772644,0.1019536554813385,,,,,
1.1257566462179877e-06,17880,,,,,,,,,,,,,,,,
,17899,0.19736939668655396,149,,,,,,,,,,,,,,
,17949,0.11839702725410461,149,,,,,,,,,,,,,,
,17999,0.23541434109210968,149,,,,,,,,,,,,,,
,17999,,149,0.9864600300788879,20.64687728881836,7.354896068572998,1.2184315919876099,12.073549270629883,,,,,,,,,
,17999,,149,,,,,,2.455855131149292,1.8677171468734741,0.5082504749298096,0.07988760620355606,,,,,
,18000,,150,0.9796436429023743,20.13735008239746,6.468763828277588,1.6836508512496948,11.984935760498047,,,,,,,,,
,18000,,150,,,,,,,,,,1.1895973682403564,23.859952926635742,7.088826656341553,1.361573338508606,15.409552574157715
